id,first_name,last_name,email,gender,photo
1,Lanae,Huonic,lhuonic0@hud.gov,Male,https://robohash.org/quiiurevoluptatum.jpg?size=500x500&set=set1
2,Corbie,Rowan,crowan1@google.com.hk,Agender,https://robohash.org/illumidsunt.jpg?size=500x500&set=set1
3,Aurelie,Summerley,asummerley2@latimes.com,Agender,https://robohash.org/impeditrerumut.jpg?size=500x500&set=set1
4,Trevar,Odlin,todlin3@examiner.com,Genderqueer,https://robohash.org/laboriosamipsamet.jpg?size=500x500&set=set1
5,Tallie,Trask,ttrask4@sfgate.com,Agender,https://robohash.org/expeditavelitnemo.jpg?size=500x500&set=set1
6,Willis,Skippen,wskippen5@usa.gov,Polygender,https://robohash.org/adipiscirepellataccusamus.jpg?size=500x500&set=set1
7,Sharron,MacManus,smacmanus6@ehow.com,Genderfluid,https://robohash.org/voluptasipsumdolores.jpg?size=500x500&set=set1
8,Gabe,Treven,gtreven7@mac.com,Non-binary,https://robohash.org/corporiseaqueimpedit.jpg?size=500x500&set=set1
9,Tildi,Darlaston,tdarlaston8@yolasite.com,Agender,https://robohash.org/utautmaiores.jpg?size=500x500&set=set1
10,Feliza,Gutsell,fgutsell9@marriott.com,Bigender,https://robohash.org/reprehenderiteosab.jpg?size=500x500&set=set1
11,Carie,Chaves,cchavesa@shop-pro.jp,Agender,https://robohash.org/sedmollitiavero.jpg?size=500x500&set=set1
12,Luisa,Chaffe,lchaffeb@blogs.com,Genderfluid,https://robohash.org/cupiditateteneturomnis.jpg?size=500x500&set=set1
13,Weylin,Aldwich,waldwichc@imgur.com,Bigender,https://robohash.org/quiaseddignissimos.jpg?size=500x500&set=set1
14,Pascale,Proschek,pproschekd@hhs.gov,Agender,https://robohash.org/sedimpeditcumque.jpg?size=500x500&set=set1
15,Sisile,Aleksic,saleksice@bloomberg.com,Bigender,https://robohash.org/velitdoloreenim.jpg?size=500x500&set=set1
16,Aron,Donati,adonatif@squarespace.com,Bigender,https://robohash.org/enimmagnimolestiae.jpg?size=500x500&set=set1
17,Rafi,Jzak,rjzakg@bing.com,Non-binary,https://robohash.org/quibusdamminusquia.jpg?size=500x500&set=set1
18,Jermaine,Keppin,jkeppinh@state.tx.us,Agender,https://robohash.org/voluptasdignissimosnesciunt.jpg?size=500x500&set=set1
19,Thalia,Fakeley,tfakeleyi@twitter.com,Polygender,https://robohash.org/modioditqui.jpg?size=500x500&set=set1
20,Samantha,Bussons,sbussonsj@blogspot.com,Genderqueer,https://robohash.org/idofficiamolestiae.jpg?size=500x500&set=set1
21,Otto,Gerrens,ogerrensk@prweb.com,Male,https://robohash.org/magniadipisciimpedit.jpg?size=500x500&set=set1
22,Galven,Switsur,gswitsurl@oakley.com,Bigender,https://robohash.org/voluptatemnesciuntaperiam.jpg?size=500x500&set=set1
23,Moises,Sleightholme,msleightholmem@who.int,Agender,https://robohash.org/consecteturistesoluta.jpg?size=500x500&set=set1
24,Roz,McMenemy,rmcmenemyn@myspace.com,Polygender,https://robohash.org/possimusbeataeconsequatur.jpg?size=500x500&set=set1
25,Michaela,Ogglebie,mogglebieo@bing.com,Polygender,https://robohash.org/magninihilquibusdam.jpg?size=500x500&set=set1
26,Juliann,Goodyear,jgoodyearp@plala.or.jp,Polygender,https://robohash.org/veniamestest.jpg?size=500x500&set=set1
27,Micheil,Colmer,mcolmerq@github.com,Genderfluid,https://robohash.org/consequaturconsequaturculpa.jpg?size=500x500&set=set1
28,Mariette,Tritton,mtrittonr@xinhuanet.com,Bigender,https://robohash.org/suntaperiamest.jpg?size=500x500&set=set1
29,Jyoti,Jerg,jjergs@independent.co.uk,Female,https://robohash.org/natusautvitae.jpg?size=500x500&set=set1
30,Philly,Baxster,pbaxstert@google.nl,Genderfluid,https://robohash.org/consequaturimpeditenim.jpg?size=500x500&set=set1
31,Dene,Gillyett,dgillyettu@ning.com,Male,https://robohash.org/harumtemporaoptio.jpg?size=500x500&set=set1
32,Paulie,Cleynaert,pcleynaertv@seesaa.net,Genderqueer,https://robohash.org/omnisnumquamquidem.jpg?size=500x500&set=set1
33,Lila,Swinden,lswindenw@about.me,Genderfluid,https://robohash.org/quasiearumodit.jpg?size=500x500&set=set1
34,Trudi,Assante,tassantex@nasa.gov,Genderqueer,https://robohash.org/similiqueautdolore.jpg?size=500x500&set=set1
35,Duky,Alabastar,dalabastary@trellian.com,Genderfluid,https://robohash.org/abmaioresvel.jpg?size=500x500&set=set1
36,Anthia,Simmen,asimmenz@vinaora.com,Bigender,https://robohash.org/dolorvoluptasdoloribus.jpg?size=500x500&set=set1
37,Merrilee,Wasling,mwasling10@gnu.org,Bigender,https://robohash.org/consecteturnonqui.jpg?size=500x500&set=set1
38,Leland,Kender,lkender11@timesonline.co.uk,Male,https://robohash.org/doloremquenisiquia.jpg?size=500x500&set=set1
39,Fina,Gumb,fgumb12@technorati.com,Genderqueer,https://robohash.org/inventorenonqui.jpg?size=500x500&set=set1
40,Julee,Desforges,jdesforges13@whitehouse.gov,Polygender,https://robohash.org/doloremsitnisi.jpg?size=500x500&set=set1
41,Garwood,Stickells,gstickells14@dailymail.co.uk,Genderfluid,https://robohash.org/enimsimiliquesed.jpg?size=500x500&set=set1
42,Kerianne,Urwin,kurwin15@dyndns.org,Polygender,https://robohash.org/autetest.jpg?size=500x500&set=set1
43,Jehu,Minget,jminget16@samsung.com,Male,https://robohash.org/eumquidemat.jpg?size=500x500&set=set1
44,Lazaro,Spoure,lspoure17@php.net,Genderqueer,https://robohash.org/quasinobisconsequuntur.jpg?size=500x500&set=set1
45,Sigfrid,Fortune,sfortune18@yandex.ru,Female,https://robohash.org/adnamab.jpg?size=500x500&set=set1
46,Arch,Arons,aarons19@si.edu,Non-binary,https://robohash.org/repellatrerumeos.jpg?size=500x500&set=set1
47,Louise,Zincke,lzincke1a@myspace.com,Polygender,https://robohash.org/etdictalaborum.jpg?size=500x500&set=set1
48,Wilek,Tustin,wtustin1b@blinklist.com,Genderfluid,https://robohash.org/remdictaaut.jpg?size=500x500&set=set1
49,Denice,Scherme,dscherme1c@sitemeter.com,Male,https://robohash.org/numquamperspiciatisamet.jpg?size=500x500&set=set1
50,Boonie,Fevers,bfevers1d@microsoft.com,Genderfluid,https://robohash.org/eumoccaecatiaspernatur.jpg?size=500x500&set=set1
51,Octavia,Elletson,oelletson1e@exblog.jp,Genderfluid,https://robohash.org/explicaboquaeearum.jpg?size=500x500&set=set1
52,Iris,Shakeshaft,ishakeshaft1f@ustream.tv,Bigender,https://robohash.org/adexplicabodolorum.jpg?size=500x500&set=set1
53,Carlin,Durran,cdurran1g@independent.co.uk,Genderqueer,https://robohash.org/itaqueerrorrepellendus.jpg?size=500x500&set=set1
54,Stesha,Howgill,showgill1h@noaa.gov,Genderfluid,https://robohash.org/rerumidomnis.jpg?size=500x500&set=set1
55,Mab,Bannard,mbannard1i@printfriendly.com,Male,https://robohash.org/atqueautet.jpg?size=500x500&set=set1
56,Adair,Sperrett,asperrett1j@youtube.com,Polygender,https://robohash.org/eaquevitaealiquam.jpg?size=500x500&set=set1
57,Terra,Leggon,tleggon1k@apache.org,Male,https://robohash.org/itaqueeaarchitecto.jpg?size=500x500&set=set1
58,Adina,Euler,aeuler1l@about.com,Female,https://robohash.org/numquamestsed.jpg?size=500x500&set=set1
59,Catha,Grewer,cgrewer1m@businessweek.com,Male,https://robohash.org/expeditaaccusantiumeaque.jpg?size=500x500&set=set1
60,Nomi,Weems,nweems1n@weibo.com,Agender,https://robohash.org/nisitemporibuset.jpg?size=500x500&set=set1
61,Gusti,Kauschke,gkauschke1o@ihg.com,Female,https://robohash.org/eosutfacere.jpg?size=500x500&set=set1
62,Caresa,Lassells,classells1p@free.fr,Female,https://robohash.org/asperiorestemporedicta.jpg?size=500x500&set=set1
63,Stefa,Parkes,sparkes1q@squidoo.com,Bigender,https://robohash.org/quiaquamerror.jpg?size=500x500&set=set1
64,Inger,Redit,iredit1r@microsoft.com,Male,https://robohash.org/vitaeetmodi.jpg?size=500x500&set=set1
65,Wyndham,Fernando,wfernando1s@cam.ac.uk,Genderqueer,https://robohash.org/noneaesse.jpg?size=500x500&set=set1
66,Ralph,MacGillreich,rmacgillreich1t@abc.net.au,Non-binary,https://robohash.org/cumquevelest.jpg?size=500x500&set=set1
67,Lanni,Lamplugh,llamplugh1u@unesco.org,Female,https://robohash.org/doloremevenietpraesentium.jpg?size=500x500&set=set1
68,Rollo,Aspital,raspital1v@yahoo.com,Non-binary,https://robohash.org/perspiciatisdolorest.jpg?size=500x500&set=set1
69,Isidora,Broseke,ibroseke1w@wp.com,Female,https://robohash.org/debitisdelectusarchitecto.jpg?size=500x500&set=set1
70,Jeannie,Heinl,jheinl1x@reuters.com,Genderqueer,https://robohash.org/suscipitmolestiasiure.jpg?size=500x500&set=set1
71,Page,Mocher,pmocher1y@networksolutions.com,Polygender,https://robohash.org/beataeaspernaturaliquid.jpg?size=500x500&set=set1
72,Christine,Quaif,cquaif1z@dedecms.com,Non-binary,https://robohash.org/cumquesimiliqueexcepturi.jpg?size=500x500&set=set1
73,Jessy,Cregan,jcregan20@cbslocal.com,Female,https://robohash.org/quivelexcepturi.jpg?size=500x500&set=set1
74,Novelia,Mangeney,nmangeney21@gov.uk,Polygender,https://robohash.org/quamesseveritatis.jpg?size=500x500&set=set1
75,Blaire,Nelthorpe,bnelthorpe22@google.ca,Genderfluid,https://robohash.org/exmaximenon.jpg?size=500x500&set=set1
76,Robinson,Mitchall,rmitchall23@purevolume.com,Female,https://robohash.org/iurequiaillo.jpg?size=500x500&set=set1
77,Hollie,Dillon,hdillon24@wix.com,Agender,https://robohash.org/rerumutenim.jpg?size=500x500&set=set1
78,Zorine,Praton,zpraton25@mayoclinic.com,Bigender,https://robohash.org/maximequiaexplicabo.jpg?size=500x500&set=set1
79,Adena,Suthworth,asuthworth26@reuters.com,Female,https://robohash.org/fugiatquidemodio.jpg?size=500x500&set=set1
80,Rafaelita,Steenson,rsteenson27@histats.com,Male,https://robohash.org/eaautnon.jpg?size=500x500&set=set1
81,Hobard,McGaugan,hmcgaugan28@topsy.com,Male,https://robohash.org/omnisiustout.jpg?size=500x500&set=set1
82,Pearline,Joyner,pjoyner29@indiegogo.com,Non-binary,https://robohash.org/saepeadipiscivoluptatem.jpg?size=500x500&set=set1
83,Dani,Volonte,dvolonte2a@virginia.edu,Polygender,https://robohash.org/repellatdoloreseos.jpg?size=500x500&set=set1
84,Livia,Ledgeway,lledgeway2b@ebay.co.uk,Female,https://robohash.org/estmagniquis.jpg?size=500x500&set=set1
85,Benedetto,McLane,bmclane2c@kickstarter.com,Genderfluid,https://robohash.org/consecteturatquevoluptas.jpg?size=500x500&set=set1
86,Boony,Athey,bathey2d@mediafire.com,Agender,https://robohash.org/quiareiciendisaspernatur.jpg?size=500x500&set=set1
87,Josh,Youel,jyouel2e@fc2.com,Bigender,https://robohash.org/veritatispossimusaperiam.jpg?size=500x500&set=set1
88,Erl,Howarth,ehowarth2f@abc.net.au,Non-binary,https://robohash.org/temporibusrerumlaborum.jpg?size=500x500&set=set1
89,Ellery,Ronaghan,eronaghan2g@icio.us,Female,https://robohash.org/nisialiasminima.jpg?size=500x500&set=set1
90,Abdul,Cowthard,acowthard2h@youtu.be,Genderfluid,https://robohash.org/necessitatibusutomnis.jpg?size=500x500&set=set1
91,Dunstan,Tirrell,dtirrell2i@paginegialle.it,Non-binary,https://robohash.org/quitotamquia.jpg?size=500x500&set=set1
92,Wandis,Bugbird,wbugbird2j@paginegialle.it,Polygender,https://robohash.org/rerumdolorumsequi.jpg?size=500x500&set=set1
93,Shaun,Aikett,saikett2k@google.de,Agender,https://robohash.org/explicaboquiharum.jpg?size=500x500&set=set1
94,Vite,Ceeley,vceeley2l@businessinsider.com,Genderqueer,https://robohash.org/beataeliberosaepe.jpg?size=500x500&set=set1
95,Rhoda,Hartup,rhartup2m@forbes.com,Non-binary,https://robohash.org/eosipsumipsam.jpg?size=500x500&set=set1
96,Sharity,Leither,sleither2n@addthis.com,Genderqueer,https://robohash.org/quassedtenetur.jpg?size=500x500&set=set1
97,Karilynn,Kilbride,kkilbride2o@mayoclinic.com,Agender,https://robohash.org/teneturquisquamipsum.jpg?size=500x500&set=set1
98,Deanne,Gershom,dgershom2p@marriott.com,Genderqueer,https://robohash.org/deseruntmolestiaeut.jpg?size=500x500&set=set1
99,Cam,Casper,ccasper2q@pen.io,Non-binary,https://robohash.org/ducimusquodignissimos.jpg?size=500x500&set=set1
100,Reena,Murdy,rmurdy2r@ow.ly,Non-binary,https://robohash.org/nesciuntinventoremollitia.jpg?size=500x500&set=set1
